编号,相对路径,时长秒,视频规格,音轨规格,SHA256
V01,10月1日.mp4,35.3,"h264 (High) (avc1 / 0x31637661), yuv420p(tv, bt709, progressive), 1080x1920, 11540 kb/s, 30 fps, 30 tbr, 600 tbn (default)","aac (LC) (mp4a / 0x6134706D), 44100 Hz, stereo, fltp, 188 kb/s (default)",0d1185a06e53afd091aba12e19d9b0e1dd50918cee6d848afac48a53238fba51
V02,许我一匹马吧（纯净版）.m4v,35.28,"h264 (Main) (avc1 / 0x31637661), yuv420p(tv, bt709, progressive), 1080x1920, 23193 kb/s, 25 fps, 25 tbr, 25k tbn (default)","aac (LC) (mp4a / 0x6134706D), 48000 Hz, stereo, fltp, 317 kb/s (default)",570b784a47c9e04b6ef4f280ab0dfa92e24d6ae62a81db64aaaa630226cc3012
V03,静态针/11马冲破镜子变装/11.mp4,5.92,"h264 (High) (avc1 / 0x31637661), yuv420p(progressive), 1080x1934, 8616 kb/s, 24 fps, 24 tbr, 12288 tbn (default)",无音轨,1740b2ca7f2fd3747600a59a58bd6e4839f53d9f680a63ee5080de1109d42b18
V04,静态针/11马冲破镜子变装/Video-1774090792930.mp4,5.92,"h264 (High) (avc1 / 0x31637661), yuv420p(progressive), 1080x1934, 8616 kb/s, 24 fps, 24 tbr, 12288 tbn (default)",无音轨,1740b2ca7f2fd3747600a59a58bd6e4839f53d9f680a63ee5080de1109d42b18
V05,静态针/11马冲破镜子变装/Video-1774091024087.mp4,5.92,"h264 (High) (avc1 / 0x31637661), yuv420p(progressive), 1080x1934, 8616 kb/s, 24 fps, 24 tbr, 12288 tbn (default)",无音轨,1740b2ca7f2fd3747600a59a58bd6e4839f53d9f680a63ee5080de1109d42b18
V06,静态针/11马冲破镜子变装/Video-1774091183515.mp4,5.92,"h264 (High) (avc1 / 0x31637661), yuv420p(progressive), 1080x1934, 7370 kb/s, 24 fps, 24 tbr, 12288 tbn (default)",无音轨,82b3f06c4a7b0e66de9886e3804fb9762d5f5edd11165fa8c763248092c4e78c
V07,静态针/11马冲破镜子变装/Video-1774091190424.mp4,5.92,"h264 (High) (avc1 / 0x31637661), yuv420p(progressive), 1080x1934, 7370 kb/s, 24 fps, 24 tbr, 12288 tbn (default)",无音轨,82b3f06c4a7b0e66de9886e3804fb9762d5f5edd11165fa8c763248092c4e78c
V08,静态针/12子弹时间环绕180/Video-1774167371110.mp4,5.92,"h264 (High) (avc1 / 0x31637661), yuv420p(progressive), 1080x1934, 5762 kb/s, 24 fps, 24 tbr, 12288 tbn (default)",无音轨,a19bad7b5a6c9afc1e00755ffd2b9e8bc5276c3de986cde86de684caef27597e
V09,静态针/12子弹时间环绕180/Video-1774167372885.mp4,5.92,"h264 (High) (avc1 / 0x31637661), yuv420p(progressive), 1080x1934, 8982 kb/s, 24 fps, 24 tbr, 12288 tbn (default)",无音轨,ac9a4309dabff276aaedfd1a0086c1a9d05eef00d365c6893e78977e59fa31a2
V10,静态针/13环绕落地奔跑/Video-1774104287651.mp4,5.92,"h264 (High) (avc1 / 0x31637661), yuv420p(progressive), 1080x1934, 5374 kb/s, 24 fps, 24 tbr, 12288 tbn (default)",无音轨,2d3d3a06676936d0625d1e7b0f599627d1136ba0e6e59422925a45412709b96e
V11,静态针/13环绕落地奔跑/Video-1774104294949.mp4,5.92,"h264 (High) (avc1 / 0x31637661), yuv420p(progressive), 1080x1934, 6362 kb/s, 24 fps, 24 tbr, 12288 tbn (default)",无音轨,7fb40add4fc99e5b5febaef26e5c6efcaa8a5d930851f1397ec1ff328fe774e3
V12,静态针/13环绕落地奔跑/Video-1774167596390.mp4,5.92,"h264 (High) (avc1 / 0x31637661), yuv420p(progressive), 1080x1934, 4288 kb/s, 24 fps, 24 tbr, 12288 tbn (default)",无音轨,1dfe09dc32f4d9aa589551618dc07445aaa6e3bfb8fe88d52d9204d3cc670b22
V13,静态针/13环绕落地奔跑/Video-1774167602378.mp4,5.92,"h264 (High) (avc1 / 0x31637661), yuv420p(progressive), 1080x1934, 5374 kb/s, 24 fps, 24 tbr, 12288 tbn (default)",无音轨,2d3d3a06676936d0625d1e7b0f599627d1136ba0e6e59422925a45412709b96e
V14,静态针/13环绕落地奔跑/Video-1774167610883.mp4,5.92,"h264 (High) (avc1 / 0x31637661), yuv420p(progressive), 1080x1934, 5294 kb/s, 24 fps, 24 tbr, 12288 tbn (default)",无音轨,3a654acfb30d5c4aa01c0b3455a457ea4d0d34eb17c1c10cd9adb3bdbcd1a83a
V15,静态针/13环绕落地奔跑/Video-1774167621654.mp4,5.92,"h264 (High) (avc1 / 0x31637661), yuv420p(progressive), 1080x1934, 6331 kb/s, 24 fps, 24 tbr, 12288 tbn (default)",无音轨,e32b6c220719663860bb5261b2840404b7d72cb6e73d8f659cbe8229978b17c4
V16,静态针/14近景奔跑/Video-1774168124256.mp4,5.88,"h264 (High) (avc1 / 0x31637661), yuv420p(progressive), 1080x1934, 2827 kb/s, 24 fps, 24 tbr, 12288 tbn (default)",无音轨,38d0c3f02d12f751b5d5d6c7f8a741bba499cf6670f1b6e90b19319005673393
V17,静态针/14近景奔跑/Video-1774168130516.mp4,5.88,"h264 (High) (avc1 / 0x31637661), yuv420p(progressive), 1080x1934, 2827 kb/s, 24 fps, 24 tbr, 12288 tbn (default)",无音轨,38d0c3f02d12f751b5d5d6c7f8a741bba499cf6670f1b6e90b19319005673393
V18,静态针/14近景奔跑/Video-1774168131950.mp4,5.88,"h264 (High) (avc1 / 0x31637661), yuv420p(progressive), 1080x1934, 2308 kb/s, 24 fps, 24 tbr, 12288 tbn (default)",无音轨,2e4df72ba9b7cd142f55d51ca3d4ba676bd08014d3ec9fe8b0000b20f684195e
V19,静态针/14近景奔跑/其他/Video-1774167568500.mp4,5.92,"h264 (High) (avc1 / 0x31637661), yuv420p(progressive), 1080x1934, 6657 kb/s, 24 fps, 24 tbr, 12288 tbn (default)",无音轨,59f7316f2ffb461da17547215dc0f2ea7d16a9743bfc1937e237646b1441976f
V20,静态针/14近景奔跑/其他/Video-1774167576466.mp4,8.0,"h264 (High) (avc1 / 0x31637661), yuv420p(progressive), 1080x1920, 12320 kb/s, 24 fps, 24 tbr, 12288 tbn (default)","aac (LC) (mp4a / 0x6134706D), 48000 Hz, stereo, fltp, 256 kb/s (default)",545154aa6085193abec861e73f82d26a6a14ab6b967c89bcd901d9657b574b03
V21,静态针/14近景奔跑/其他/Video-1774167582528.mp4,8.04,"h264 (Main) (avc1 / 0x31637661), yuv420p(progressive), 1080x1920, 21533 kb/s, 24 fps, 24 tbr, 12288 tbn (default)",无音轨,764d0173c83aac8bef711f93cca55f145b2407dababe23418a0145f57343cabf
V22,静态针/17空镜/Video-1774103427506.mp4,5.92,"h264 (High) (avc1 / 0x31637661), yuv420p(progressive), 1080x1934, 5726 kb/s, 24 fps, 24 tbr, 12288 tbn (default)",无音轨,46ebfee2c4d49663923b0bd13895f5546c95efde230c704c7e524fd7f95fbbfd
V23,静态针/17空镜/Video-1774168380511.mp4,6.04,"h264 (Main) (avc1 / 0x31637661), yuv420p(progressive), 1080x1920, 27158 kb/s, 24 fps, 24 tbr, 12288 tbn (default)",无音轨,01a21dcaa87c141b4cc279cf2234b156c2e9c50afa3875fad9e65a7d64133705
V24,静态针/17空镜/Video-1774168392091.mp4,6.04,"h264 (Main) (avc1 / 0x31637661), yuv420p(progressive), 1080x1920, 25369 kb/s, 24 fps, 24 tbr, 12288 tbn (default)",无音轨,cdb29603f162b9a9d475ab9951530e5943090d0ae0ee9d76504a8c10e09a4339
V25,静态针/1特写/Video-1774091291578.mp4,5.04,"h264 (Main) (avc1 / 0x31637661), yuv420p(progressive), 1072x1928, 13057 kb/s, 24 fps, 24 tbr, 12288 tbn (default)",无音轨,5d567845d9c56d00393c18cc90d441dc8bfc91354d261e2b26deb5c9590f9e77
V26,静态针/1特写/Video-1774091296440.mp4,5.04,"h264 (Main) (avc1 / 0x31637661), yuv420p(progressive), 1072x1928, 14973 kb/s, 24 fps, 24 tbr, 12288 tbn (default)","aac (LC) (mp4a / 0x6134706D), 44100 Hz, stereo, fltp, 128 kb/s (default)",35d5714ec316fe792b7d850f630ebcf559658a18f4f851ec62594d9ce0179faa
V27,静态针/1特写/Video-1774091297036.mp4,5.04,"h264 (Main) (avc1 / 0x31637661), yuv420p(progressive), 1072x1928, 14973 kb/s, 24 fps, 24 tbr, 12288 tbn (default)","aac (LC) (mp4a / 0x6134706D), 44100 Hz, stereo, fltp, 128 kb/s (default)",35d5714ec316fe792b7d850f630ebcf559658a18f4f851ec62594d9ce0179faa
V28,静态针/1特写/Video-1774091299808.mp4,6.04,"h264 (Main) (avc1 / 0x31637661), yuv420p(progressive), 716x1284, 5250 kb/s, 24 fps, 24 tbr, 12288 tbn (default)","aac (LC) (mp4a / 0x6134706D), 44100 Hz, stereo, fltp, 128 kb/s (default)",3ad6a0c606776f095531c8d87b2e182be86d746f9f72a3513e36bcb7c35db550
V29,静态针/1特写/Video-1774091304202.mp4,8.0,"h264 (High) (avc1 / 0x31637661), yuv420p(progressive), 1080x1920, 12815 kb/s, 24 fps, 24 tbr, 12288 tbn (default)","aac (LC) (mp4a / 0x6134706D), 48000 Hz, stereo, fltp, 256 kb/s (default)",f8fc9b15459b635374a669a625b0ae1e13dfaf6dd61cf207920aec41a0950048
V30,静态针/1特写/Video-1774091305068.mp4,8.0,"h264 (High) (avc1 / 0x31637661), yuv420p(progressive), 1080x1920, 13810 kb/s, 24 fps, 24 tbr, 12288 tbn (default)","aac (LC) (mp4a / 0x6134706D), 48000 Hz, stereo, fltp, 256 kb/s (default)",2c844611b0aa1ba309e9a233b5ea4f94f1b61181e63e1f81d0202e2224d36f17
V31,静态针/1特写/Video-1774091305098.mp4,8.0,"h264 (High) (avc1 / 0x31637661), yuv420p(progressive), 2160x3840, 46811 kb/s, 24 fps, 24 tbr, 12288 tbn (default)","aac (LC) (mp4a / 0x6134706D), 48000 Hz, stereo, fltp, 256 kb/s (default)",c913c636148bcd7b0a0aac4e30cca5a6cd0e4769ebfedb3c83b7e8a2ab3ce565
V32,静态针/1特写/Video-1774098079169.mp4,8.0,"h264 (High) (avc1 / 0x31637661), yuv420p(progressive), 1080x1920, 13810 kb/s, 24 fps, 24 tbr, 12288 tbn (default)","aac (LC) (mp4a / 0x6134706D), 48000 Hz, stereo, fltp, 256 kb/s (default)",2c844611b0aa1ba309e9a233b5ea4f94f1b61181e63e1f81d0202e2224d36f17
V33,静态针/2/Video-1774091253327.mp4,5.04,"h264 (Main) (avc1 / 0x31637661), yuv420p(progressive), 1072x1928, 30256 kb/s, 24 fps, 24 tbr, 12288 tbn (default)",无音轨,7a1a84f2da2a01224347b383ee19c3d8843f901fcf2d32962cef980f3d489b59
V34,静态针/2/Video-1774091260124.mp4,8.04,"h264 (Main) (avc1 / 0x31637661), yuv420p(progressive), 1072x1928, 22553 kb/s, 24 fps, 24 tbr, 12288 tbn (default)","aac (LC) (mp4a / 0x6134706D), 44100 Hz, stereo, fltp, 128 kb/s (default)",85ebe28459be768470597e0d4e3b3d3a2a709872158fb65762e4b6f9782e05a8
V35,静态针/2/Video-1774091267264.mp4,8.0,"h264 (High) (avc1 / 0x31637661), yuv420p(progressive), 1080x1920, 24019 kb/s, 24 fps, 24 tbr, 12288 tbn (default)","aac (LC) (mp4a / 0x6134706D), 48000 Hz, stereo, fltp, 256 kb/s (default)",d4e658733e58a77907a1dca3c6f181f7410e46fd31471290a3efe76063ef8ec5
V36,静态针/2/极写实特写，黑色光泽马鬃随风飘动，深红色背景，缓慢侧向横移镜头，高细节毛发质感，电影级布光，8k分辨率。.mp4,5.04,"h264 (Main) (avc1 / 0x31637661), yuv420p(progressive), 1072x1928, 28388 kb/s, 24 fps, 24 tbr, 12288 tbn (default)",无音轨,3e2b269b3f3d2ba1d1d69e4b120767d4ebbd0836ff55135e0fcb694ede84a8cf
V37,静态针/21眼睛专场/Video-1774103257586.mp4,5.04,"h264 (Main) (avc1 / 0x31637661), yuv420p(progressive), 1080x1920, 17723 kb/s, 24 fps, 24 tbr, 12288 tbn (default)",无音轨,094fc4af553d393d96d0f7fed39b432f959f63c7c94024bb5876b28f5e26f3cd
V38,静态针/22最后/Video-1774168770979.mp4,5.04,"h264 (Main) (avc1 / 0x31637661), yuv420p(progressive), 1072x1928, 12285 kb/s, 24 fps, 24 tbr, 12288 tbn (default)",无音轨,a8d227d2ef2a71a41163684aedcf23edd1d5caa6f2e5c5f1bbdc9fe7940176ff
V39,静态针/22最后/Video-1774168787362.mp4,3.04,"h264 (Main) (avc1 / 0x31637661), yuv420p(progressive), 1076x1924, 13143 kb/s, 24 fps, 24 tbr, 12288 tbn (default)",无音轨,d8db89ff4abc78180cbb83122019051d461e20f54d07b0d06f50ca1df72fdb96
V40,静态针/22最后/Video-1774168792564.mp4,5.04,"h264 (Main) (avc1 / 0x31637661), yuv420p(progressive), 1072x1928, 11099 kb/s, 24 fps, 24 tbr, 12288 tbn (default)",无音轨,046ed6491eeba9b3bda27ab048b6ffbe6957421243fd7cdaaeb9a11498299833
V41,静态针/3马和蝴蝶/其他/Video-1774098711145.mp4,7.04,"h264 (Main) (avc1 / 0x31637661), yuv420p(progressive), 716x1284, 5167 kb/s, 24 fps, 24 tbr, 12288 tbn (default)","aac (LC) (mp4a / 0x6134706D), 44100 Hz, stereo, fltp, 128 kb/s (default)",8a035bee1c9bdc6e0a317dafceed45eb737cd26b9fb83d7651a9a6897f988672
V42,静态针/3马和蝴蝶/其他/Video-1774098715226.mp4,5.04,"h264 (Main) (avc1 / 0x31637661), yuv420p(progressive), 1072x1928, 13459 kb/s, 24 fps, 24 tbr, 12288 tbn (default)",无音轨,25ca1acba3422f63ee18b8e402d9048749c2d5379a5775912b86a978ab16e033
V43,静态针/3马和蝴蝶/其他/Video-1774098719683.mp4,5.04,"h264 (Main) (avc1 / 0x31637661), yuv420p(progressive), 1072x1928, 13596 kb/s, 24 fps, 24 tbr, 12288 tbn (default)",无音轨,32289925faee948bc8a5f5483533493f17c2a14b5f8a75d263fd327b808764c6
V44,静态针/3马和蝴蝶/其他/Video-1774098722137.mp4,5.04,"h264 (Main) (avc1 / 0x31637661), yuv420p(progressive), 1072x1928, 13490 kb/s, 24 fps, 24 tbr, 12288 tbn (default)",无音轨,a465ebec229b2a62ebdfcaddfbb5661f8d2a7f45cd8abfef9a15623aaa5657c9
V45,静态针/3马和蝴蝶/固定镜头白色互动和马互动，保留慢门拖影和动态模糊效果.mp4,7.04,"h264 (Main) (avc1 / 0x31637661), yuv420p(progressive), 716x1284, 5167 kb/s, 24 fps, 24 tbr, 12288 tbn (default)","aac (LC) (mp4a / 0x6134706D), 44100 Hz, stereo, fltp, 128 kb/s (default)",8a035bee1c9bdc6e0a317dafceed45eb737cd26b9fb83d7651a9a6897f988672
V46,静态针/4/电影感特写，强壮黑色马腿奔跑，马蹄撞击红土，橙色尘土飞扬，运动模糊，深红背景，戏剧性光影，高对比度，慢动作，8k分辨率，写实风格。.mp4,5.04,"h264 (Main) (avc1 / 0x31637661), yuv420p(progressive), 716x1284, 9146 kb/s, 24 fps, 24 tbr, 12288 tbn (default)","aac (LC) (mp4a / 0x6134706D), 44100 Hz, stereo, fltp, 128 kb/s (default)",149d08b9ed0630ae3eb0bcf4dee8616150041963f65f47799d57446630f41e52
V47,静态针/5/Video-1774099453329.mp4,5.04,"h264 (Main) (avc1 / 0x31637661), yuv420p(progressive), 1072x1928, 13057 kb/s, 24 fps, 24 tbr, 12288 tbn (default)",无音轨,5d567845d9c56d00393c18cc90d441dc8bfc91354d261e2b26deb5c9590f9e77
V48,静态针/5/Video-1774099458042.mp4,8.0,"h264 (High) (avc1 / 0x31637661), yuv420p(progressive), 2160x3840, 51562 kb/s, 24 fps, 24 tbr, 12288 tbn (default)","aac (LC) (mp4a / 0x6134706D), 48000 Hz, stereo, fltp, 256 kb/s (default)",627832d0f513f410da7285181ccd39d002ab55a2c2e7c7e900ab426e873f9318
V49,静态针/5/Video-1774099459508.mp4,8.0,"h264 (High) (avc1 / 0x31637661), yuv420p(progressive), 2160x3840, 51562 kb/s, 24 fps, 24 tbr, 12288 tbn (default)","aac (LC) (mp4a / 0x6134706D), 48000 Hz, stereo, fltp, 256 kb/s (default)",627832d0f513f410da7285181ccd39d002ab55a2c2e7c7e900ab426e873f9318
V50,静态针/5/其他静态/Video-1774091238413.mp4,8.04,"h264 (Main) (avc1 / 0x31637661), yuv420p(progressive), 1080x1920, 21533 kb/s, 24 fps, 24 tbr, 12288 tbn (default)",无音轨,764d0173c83aac8bef711f93cca55f145b2407dababe23418a0145f57343cabf
V51,静态针/5/固定镜头，保持人物的五官不要变形，人物低头和马互动.mp4,5.04,"h264 (Main) (avc1 / 0x31637661), yuv420p(progressive), 1072x1928, 13057 kb/s, 24 fps, 24 tbr, 12288 tbn (default)",无音轨,5d567845d9c56d00393c18cc90d441dc8bfc91354d261e2b26deb5c9590f9e77
V52,静态针/6人和马互动/Video-1774091269950.mp4,5.04,"h264 (Main) (avc1 / 0x31637661), yuv420p(progressive), 720x1280, 5483 kb/s, 24 fps, 24 tbr, 12288 tbn (default)","aac (LC) (mp4a / 0x6134706D), 44100 Hz, stereo, fltp, 128 kb/s (default)",db61d45ab43b1f4ff8047c2475c2a10c3093019b106ebc3da7f1532df99377d3
V53,静态针/6人和马互动/Video-1774099921482.mp4,8.04,"h264 (Main) (avc1 / 0x31637661), yuv420p(progressive), 1080x1920, 15920 kb/s, 24 fps, 24 tbr, 12288 tbn (default)","aac (LC) (mp4a / 0x6134706D), 44100 Hz, stereo, fltp, 128 kb/s (default)",c97b9b7b84f6510e809d22100f30d6ffe722b0cc36332347d88914fa429fb408
V54,静态针/6人和马互动/Video-1774099933209.mp4,8.04,"h264 (Main) (avc1 / 0x31637661), yuv420p(progressive), 720x1280, 5105 kb/s, 24 fps, 24 tbr, 12288 tbn (default)","aac (LC) (mp4a / 0x6134706D), 44100 Hz, stereo, fltp, 128 kb/s (default)",cc214d86f64af5f0edc741c79c28c37b8219025cf31e4e687b6bf15530b8d0b0
V55,静态针/6人和马互动/Video-1774099964575.mp4,5.04,"h264 (Main) (avc1 / 0x31637661), yuv420p(progressive), 720x1280, 5483 kb/s, 24 fps, 24 tbr, 12288 tbn (default)","aac (LC) (mp4a / 0x6134706D), 44100 Hz, stereo, fltp, 128 kb/s (default)",db61d45ab43b1f4ff8047c2475c2a10c3093019b106ebc3da7f1532df99377d3
V56,静态针/6人和马互动/光快速从左到右扫过，高光柔和，固定镜头，光源经过了充分的柔化处理。光线投射在物体表面时，没有产生生硬刺眼的高光点（Specular Highlights），而是形成了均匀、细腻的漫反射。这使得物体表面的光泽感显得温润而非油腻。自然的阴影过渡（Natural Shadow Falloff）.mp4,6.04,"h264 (Main) (avc1 / 0x31637661), yuv420p(progressive), 1072x1928, 14071 kb/s, 24 fps, 24 tbr, 12288 tbn (default)","aac (LC) (mp4a / 0x6134706D), 44100 Hz, stereo, fltp, 128 kb/s (default)",afc3a3e38ce2220f76fade45713a1965766a2b8e23519020e02897cbe421e0fb
V57,静态针/其他静头/Video-1774109824737.mp4,5.04,"h264 (Main) (avc1 / 0x31637661), yuv420p(progressive), 1072x1928, 10026 kb/s, 24 fps, 24 tbr, 12288 tbn (default)",无音轨,467bd4e3b219edaafb6117ba08e7f8127d1a716be9cbfc1be8286d2ea49fb419
V58,静态针/其他静头/Video-1774168915110.mp4,5.04,"h264 (Main) (avc1 / 0x31637661), yuv420p(progressive), 1072x1928, 10026 kb/s, 24 fps, 24 tbr, 12288 tbn (default)",无音轨,467bd4e3b219edaafb6117ba08e7f8127d1a716be9cbfc1be8286d2ea49fb419
V59,静态针/其他静头/Video-1774168917898.mp4,8.0,"h264 (High) (avc1 / 0x31637661), yuv420p(progressive), 1080x1920, 8803 kb/s, 24 fps, 24 tbr, 12288 tbn (default)",无音轨,2a24c03be049d7681fc9c5df37442088843acbb3f39d744b27efd20192d6d157
V60,静态针/其他静头/Video-1774168924651.mp4,5.04,"h264 (Main) (avc1 / 0x31637661), yuv420p(progressive), 1080x1920, 18007 kb/s, 24 fps, 24 tbr, 12288 tbn (default)","aac (LC) (mp4a / 0x6134706D), 44100 Hz, stereo, fltp, 128 kb/s (default)",6d4bcae5d5be1ecc774a9899653a407fa8606a44a6734e58e2386d4b4d7d88ab
V61,静态针/其他静头/Video-1774168930824.mp4,8.0,"h264 (High) (avc1 / 0x31637661), yuv420p(progressive), 1080x1920, 14199 kb/s, 24 fps, 24 tbr, 12288 tbn (default)",无音轨,ba224e4c37cbfd14021d311be51349ec9f7f65af93dad172f1fabb359a5c4938
V62,静态针/其他静头/Video-1774168940545.mp4,5.92,"h264 (High) (avc1 / 0x31637661), yuv420p(progressive), 1080x1934, 6623 kb/s, 24 fps, 24 tbr, 12288 tbn (default)",无音轨,dc0f90291c19e47fc3ba8f6b96aa001e7b0383ba3eb2a88c32b39624a2eb4ba6
V63,静态针/其他静头/Video-1774168942435.mp4,5.92,"h264 (High) (avc1 / 0x31637661), yuv420p(progressive), 1080x1934, 7182 kb/s, 24 fps, 24 tbr, 12288 tbn (default)",无音轨,b4cbc361889522538b3e4f000e0aa615a39a8224c911bfa556edb1b9a9a74bfe
V64,静态针/其他静头/Video-1774168944714.mp4,5.92,"h264 (High) (avc1 / 0x31637661), yuv420p(progressive), 1080x1934, 6454 kb/s, 24 fps, 24 tbr, 12288 tbn (default)",无音轨,24bd238aae48b60d90d803668521e9e5a37dfb8dd78b9d124801b428f46163a5
V65,静态针/其他静头/Video-1774168946614.mp4,5.92,"h264 (High) (avc1 / 0x31637661), yuv420p(progressive), 1080x1934, 5573 kb/s, 24 fps, 24 tbr, 12288 tbn (default)",无音轨,80a695dc0cee74569de20168f825008adbe12edcd299970b1d44756a7e9262e0
V66,静态针/其他静头/Video-1774168947033.mp4,5.92,"h264 (High) (avc1 / 0x31637661), yuv420p(progressive), 1080x1934, 6093 kb/s, 24 fps, 24 tbr, 12288 tbn (default)",无音轨,60058d47c253edc8314a971932d44824a0c428015d7e0dd148b0fec1cecd97b6
V67,静态针/其他静头/Video-1774168950268.mp4,5.92,"h264 (High) (avc1 / 0x31637661), yuv420p(progressive), 1080x1934, 6908 kb/s, 24 fps, 24 tbr, 12288 tbn (default)",无音轨,5be4038ae17f5f34b4b3c8fd6d19d05768cfbe95fbbce0a4a000b7703e72fb9d
V68,静态针/其他静头/Video-1774168961343.mp4,5.92,"h264 (High) (avc1 / 0x31637661), yuv420p(progressive), 1080x1934, 6657 kb/s, 24 fps, 24 tbr, 12288 tbn (default)",无音轨,59f7316f2ffb461da17547215dc0f2ea7d16a9743bfc1937e237646b1441976f
V69,静态针/其他静头/Video-1774169005431.mp4,5.04,"h264 (Main) (avc1 / 0x31637661), yuv420p(progressive), 1072x1928, 18172 kb/s, 24 fps, 24 tbr, 12288 tbn (default)","aac (LC) (mp4a / 0x6134706D), 44100 Hz, stereo, fltp, 128 kb/s (default)",e1862d43bba692751654a9198957b90ae7f52689166499170e59e25db93b40ef
V70,静态针/其他静头/Video-1774169006416.mp4,5.04,"h264 (Main) (avc1 / 0x31637661), yuv420p(progressive), 1072x1928, 17351 kb/s, 24 fps, 24 tbr, 12288 tbn (default)","aac (LC) (mp4a / 0x6134706D), 44100 Hz, stereo, fltp, 128 kb/s (default)",cbaa97ef52c2abf4045e5672a78a769a07bb9763dc8317ce77573e06f12d79b8
V71,静态针/其他静头/Video-1774169027689.mp4,8.0,"h264 (High) (avc1 / 0x31637661), yuv420p(progressive), 1080x1920, 24447 kb/s, 24 fps, 24 tbr, 12288 tbn (default)","aac (LC) (mp4a / 0x6134706D), 48000 Hz, stereo, fltp, 256 kb/s (default)",4ebeefde98c440c692c6c41de26460bfad64909ced30cb1d773da5f7d627a6d4
V72,静态针/其他静头/Video-1774169035276.mp4,8.04,"h264 (Main) (avc1 / 0x31637661), yuv420p(progressive), 1072x1928, 23433 kb/s, 24 fps, 24 tbr, 12288 tbn (default)","aac (LC) (mp4a / 0x6134706D), 44100 Hz, stereo, fltp, 128 kb/s (default)",4de043a2ed1aa67e03ef7c016b1a345a83d855214baa439b099c72710ef72e5e
V73,静态针/其他静头/Video-1774169037874.mp4,8.04,"h264 (Main) (avc1 / 0x31637661), yuv420p(progressive), 1072x1928, 26503 kb/s, 24 fps, 24 tbr, 12288 tbn (default)","aac (LC) (mp4a / 0x6134706D), 44100 Hz, stereo, fltp, 128 kb/s (default)",21fd4bac1a58a79ea25000b101371afbde645e6f721ab42fa7bc1207ffd3ca3d
